{"cameraMode":{"drawMode":0,"name":"Shaded","section":"Shading Mode"},"sceneLighting":false,"audioPlay":false,"sceneViewState":{"m_AlwaysRefresh":false,"showFog":true,"showSkybox":false,"showFlares":true,"showImageEffects":true,"showParticleSystems":true,"showVisualEffectGraphs":true,"m_FxEnabled":true},"in2DMode":false,"pivot":{"x":-0.3304567337036133,"y":-0.5320143103599548,"z":7.928244590759277},"rotation":{"x":0.23903611302375794,"y":-0.28612059354782107,"z":0.07394284754991532,"w":0.9249500036239624},"size":1.0792253017425538,"orthographic":false}